UserPrincipalName,AccountType,AccountCategory,LoginCount,FirstLogin,LastLogin,UniqueClientApps
tv.benchmark.import@accenture.com,App ID / Shared Mailbox,Service Account,555366,7/16/2025 1:00,7/18/2025 8:57,1
a110379dirp.ccsiauto@accenture.com,App ID / Shared Mailbox,Service Account,79218,7/16/2025 1:00,7/22/2025 21:59,1
arcabots@accenture.com,App ID / Shared Mailbox,Service Account,54706,7/16/2025 13:00,7/22/2025 9:58,1
a242105dirnscm@accenture.com,App ID / Shared Mailbox,Service Account,15184,7/16/2025 1:00,7/22/2025 21:59,1
a222245dirpamxdrcp@accenture.com,App ID / Shared Mailbox,Service Account,11006,7/16/2025 1:00,7/22/2025 9:49,1
a222245dirpamxdrprod@accenture.com,App ID / Shared Mailbox,Service Account,10662,7/16/2025 1:00,7/22/2025 21:31,1
a279854dirnaiapacdev@accenture.com,App ID / Shared Mailbox,Service Account,6215,7/16/2025 1:00,7/22/2025 9:58,1
a222245dirpcedar@accenture.com,App ID / Shared Mailbox,Service Account,5919,7/16/2025 1:00,7/22/2025 9:31,1
a248504dirnddrt@accenture.com,App ID / Shared Mailbox,Service Account,5208,7/16/2025 10:40,7/22/2025 9:46,1
a222245dirpcedarsync@accenture.com,App ID / Shared Mailbox,Service Account,3362,7/16/2025 1:00,7/22/2025 21:50,1
ntd.automationapp@accenture.com,App ID / Shared Mailbox,Service Account,1703,7/16/2025 13:00,7/22/2025 9:41,1
a149010dirpo2m@accenture.com,App ID / Shared Mailbox,Service Account,1678,7/16/2025 13:00,7/22/2025 9:50,1
mywizaiops.appstore@accenture.com,App ID / Shared Mailbox,Service Account,1482,7/16/2025 1:04,7/22/2025 21:52,1
a281912dirpanalytics@accenture.com,App ID / Shared Mailbox,Service Account,1353,7/16/2025 13:00,7/22/2025 9:45,1
a120432dirpisipo@accenture.com,App ID / Shared Mailbox,Service Account,1315,7/16/2025 13:02,7/22/2025 21:58,1
rob.spainatc.opprd01@accenture.com,App ID / Shared Mailbox,Service Account,1280,7/16/2025 22:00,7/22/2025 4:02,1
a10890dirplcm@accenture.com,App ID / Shared Mailbox,Service Account,1266,7/16/2025 1:03,7/22/2025 9:56,1
a291891dirpgctapp@accenture.com,App ID / Shared Mailbox,Service Account,1117,7/16/2025 13:03,7/22/2025 9:36,1
4561_doc_prd@accenture.com,App ID / Shared Mailbox,Service Account,977,7/16/2025 13:14,7/22/2025 21:38,1
bchrpa_accenture@accenture.com,App ID / Shared Mailbox,Service Account,908,7/16/2025 11:00,7/22/2025 9:52,1
newoss.globalreport@accenture.com,App ID / Shared Mailbox,Service Account,678,7/16/2025 1:30,7/22/2025 21:30,1
oceobriefingdocrepo@accenture.com,App ID / Shared Mailbox,Service Account,591,7/16/2025 13:30,7/22/2025 9:56,1
s.stathopoulos@accenture.com,Employee,User Account,504,7/16/2025 1:30,7/22/2025 9:40,1
ciolegal_powerapps@accenture.com,App ID / Shared Mailbox,Service Account,386,7/16/2025 1:01,7/22/2025 9:31,1
mcp.vasupport.sp15@accenture.com,App ID / Shared Mailbox,Service Account,354,7/16/2025 10:00,7/22/2025 21:53,1
mcp.vasupport.sp02@accenture.com,App ID / Shared Mailbox,Service Account,340,7/16/2025 10:00,7/22/2025 21:57,1
4561_doc_stg@accenture.com,App ID / Shared Mailbox,Service Account,321,7/16/2025 13:11,7/22/2025 7:44,1
a99751dirpsecsrv_iam@accenture.com,App ID / Shared Mailbox,Service Account,277,7/16/2025 13:00,7/22/2025 9:45,1
mcp.vasupport.sp17@accenture.com,App ID / Shared Mailbox,Service Account,203,7/16/2025 10:00,7/22/2025 10:08,1
idemitsu_amo_auto@accenture.com,App ID / Shared Mailbox,Service Account,189,7/16/2025 1:10,7/22/2025 9:35,1
t172047mavsrvid@accenture.com,Test ID,Other Account Type,168,7/16/2025 7:08,7/22/2025 7:11,1
a04818dirpcionowint@accenture.com,App ID / Shared Mailbox,Service Account,166,7/16/2025 13:00,7/22/2025 21:00,1
a186706dirpsuscarprd@accenture.com,App ID / Shared Mailbox,Service Account,152,7/17/2025 13:55,7/22/2025 6:13,1
a09828dirpcapp@accenture.com,App ID / Shared Mailbox,Service Account,144,7/16/2025 13:57,7/22/2025 21:52,1
umlaut.license.mgt@accenture.com,App ID / Shared Mailbox,Service Account,125,7/16/2025 13:06,7/22/2025 21:37,1
mcp.vasupport.sp19@accenture.com,App ID / Shared Mailbox,Service Account,108,7/16/2025 10:00,7/21/2025 10:00,1
mcc.powerautomation@accenture.com,App ID / Shared Mailbox,Service Account,104,7/16/2025 1:45,7/22/2025 9:35,1
a255210dirpvid@accenture.com,App ID / Shared Mailbox,Service Account,93,7/16/2025 22:04,7/22/2025 8:35,1
a02037fasttrack15@accenture.com,App ID / Shared Mailbox,Service Account,88,7/16/2025 10:00,7/22/2025 10:01,1
a103875dirnpe@accenture.com,App ID / Shared Mailbox,Service Account,81,7/16/2025 6:30,7/22/2025 8:31,1
mcp.vasupport.sp04@accenture.com,App ID / Shared Mailbox,Service Account,71,7/16/2025 10:00,7/22/2025 9:49,1
a02037fasttrack3@accenture.com,App ID / Shared Mailbox,Service Account,66,7/16/2025 10:00,7/22/2025 16:11,1
cftools.learning@accenture.com,App ID / Shared Mailbox,Service Account,64,7/16/2025 10:30,7/22/2025 18:30,1
a06368dirpised_user@accenture.com,App ID / Shared Mailbox,Service Account,63,7/16/2025 13:00,7/22/2025 19:30,1
a09557dirpteams01@accenture.com,App ID / Shared Mailbox,Service Account,53,7/18/2025 13:01,7/22/2025 12:56,1
mcp.vasupport.sp03@accenture.com,App ID / Shared Mailbox,Service Account,51,7/16/2025 10:00,7/22/2025 10:01,1
a02786dirn_entstg@accenture.com,App ID / Shared Mailbox,Service Account,49,7/16/2025 14:00,7/22/2025 14:00,1
jemiel.l.de.las.alas@accenture.com,Employee,User Account,48,7/17/2025 23:23,7/22/2025 23:51,1
a02037fasttrack4@accenture.com,App ID / Shared Mailbox,Service Account,37,7/18/2025 13:46,7/19/2025 10:01,1
a62577dirppayrollops@accenture.com,App ID / Shared Mailbox,Service Account,29,7/16/2025 20:50,7/22/2025 20:30,1
a294614prdpgcpsp@accenture.com,Unknown Code (18),Other Account Type,28,7/16/2025 21:00,7/22/2025 21:00,1
mcp.vasupport.sp18@accenture.com,App ID / Shared Mailbox,Service Account,24,7/16/2025 10:01,7/21/2025 10:01,1
a62577dirnpayrollops@accenture.com,App ID / Shared Mailbox,Service Account,24,7/17/2025 19:47,7/21/2025 19:09,1
a04173dirp_orch-prod@accenture.com,App ID / Shared Mailbox,Service Account,23,7/16/2025 1:10,7/22/2025 3:35,1
a297605dirp_sp_appid@accenture.com,App ID / Shared Mailbox,Service Account,19,7/16/2025 5:02,7/22/2025 5:02,1
mcp.vasupport.sp06@accenture.com,App ID / Shared Mailbox,Service Account,19,7/16/2025 10:00,7/22/2025 10:00,1
ebi_ebilsts_appid@accenture.com,App ID / Shared Mailbox,Service Account,17,7/16/2025 1:00,7/22/2025 1:04,1
a20158dirnsp2ebitax@accenture.com,App ID / Shared Mailbox,Service Account,16,7/17/2025 20:10,7/18/2025 21:50,1
a86303dirpaudit.sp@accenture.com,App ID / Shared Mailbox,Service Account,15,7/20/2025 14:07,7/22/2025 21:37,1
cio.lad.powerapps@accenture.com,App ID / Shared Mailbox,Service Account,13,7/16/2025 15:40,7/22/2025 16:00,1
dataanalytics.ops@accenture.com,App ID / Shared Mailbox,Service Account,12,7/16/2025 5:00,7/22/2025 5:00,1
bs.automation@accenture.com,App ID / Shared Mailbox,Service Account,12,7/16/2025 15:00,7/22/2025 16:00,1
a.subhash.thorat@accenture.com,Employee,User Account,12,7/16/2025 14:33,7/17/2025 8:42,1
a229163dirncngcp@accenture.com,App ID / Shared Mailbox,Service Account,11,7/16/2025 13:30,7/22/2025 9:53,1
mcp.vasupport.sp13@accenture.com,App ID / Shared Mailbox,Service Account,10,7/16/2025 10:00,7/22/2025 10:00,1
a229817dirpazureoff@accenture.com,App ID / Shared Mailbox,Service Account,9,7/16/2025 17:30,7/22/2025 17:30,1
t5228.01@accenture.com,Test ID,Other Account Type,8,7/22/2025 13:33,7/22/2025 17:56,1
a04173dirp.met@accenture.com,App ID / Shared Mailbox,Service Account,8,7/21/2025 10:08,7/21/2025 9:28,1
davis.zvanis@accenture.com,Employee,User Account,4,7/21/2025 5:52,7/22/2025 6:13,1
a02700dirpsp-rw@accenture.com,App ID / Shared Mailbox,Service Account,4,7/17/2025 13:01,7/18/2025 7:17,1
a186706dirnsuscarstg@accenture.com,App ID / Shared Mailbox,Service Account,4,7/17/2025 16:05,7/17/2025 16:05,1
management.star@accenture.com,App ID / Shared Mailbox,Service Account,4,7/16/2025 14:18,7/18/2025 18:55,1
bss-sp-reports01@accenture.com,App ID / Shared Mailbox,Service Account,2,7/22/2025 11:22,7/22/2025 11:22,1
a56924dirpglobalben@accenture.com,App ID / Shared Mailbox,Service Account,2,7/22/2025 13:30,7/22/2025 13:30,1
a229163dirpcngcp@accenture.com,App ID / Shared Mailbox,Service Account,1,7/17/2025 9:13,7/17/2025 9:13,1
tfb.portal@accenture.com,App ID / Shared Mailbox,Service Account,1,7/22/2025 7:24,7/22/2025 7:24,1
a224287dirpgapbi@accenture.com,App ID / Shared Mailbox,Service Account,1,7/21/2025 6:15,7/21/2025 6:15,1
a02037fasttrack27@accenture.com,App ID / Shared Mailbox,Service Account,1,7/22/2025 16:11,7/22/2025 16:11,1
a61701dirpmv_ccr_e@accenture.com,App ID / Shared Mailbox,Service Account,1,7/20/2025 3:06,7/20/2025 3:06,1
mcp.vasupport.sp11@accenture.com,App ID / Shared Mailbox,Service Account,1,7/17/2025 10:18,7/17/2025 10:18,1
carlo.bellacoscia@accenture.com,Employee,User Account,1,7/16/2025 13:07,7/16/2025 13:07,1
a224287dirngapbi@accenture.com,App ID / Shared Mailbox,Service Account,1,7/21/2025 5:58,7/21/2025 5:58,1
lixil_rpa_psmb_1@accenture.com,App ID / Shared Mailbox,Service Account,1,7/21/2025 23:16,7/21/2025 23:16,1
j.rodriguez.ferrero@accenture.com,Employee,User Account,1,7/19/2025 22:24,7/19/2025 22:24,1
a12041dirpquasar@accenture.com,App ID / Shared Mailbox,Service Account,1,7/21/2025 5:54,7/21/2025 5:54,1
esco2013.crawl@accenture.com,App ID / Shared Mailbox,Service Account,1,7/16/2025 13:21,7/16/2025 13:21,1
derek.swenningsen@accenture.com,Employee,User Account,1,7/17/2025 18:16,7/17/2025 18:16,1
a29651dirnprod_p710@accenture.com,App ID / Shared Mailbox,Service Account,1,7/16/2025 10:19,7/16/2025 10:19,1
hrishikesh.mohitkar@accenture.com,Employee,User Account,1,7/16/2025 9:40,7/16/2025 9:40,1
